,CPI_KR_YoY,AUD_USD,CN_Interbank3M,US_UnempRate,JP_REER,JP_Interbank3M,JP_CoreCPI,KC_FSI,KR_MfgProd,Pork,US_NFP,US_TradeTransEmp,THB_USD,PPI_CopperNickel,CN_PPI,US_Mortgage15Y,UK_10Y_Bond,US_ExportPI,US_DepInstCredit
2003-01-31,3.811003,0.5824419354838709,2.39,5.8,135.69,0.1,-0.5620182035430021,0.566070149861459,6.818949184878353,46.5835,108.0,-46.0,42.79387096774193,6.056860321384416,2.4,5.305806451612903,4.3899,1.4358974358974488,0.0
2003-02-28,3.885987,0.5942535714285714,2.31,5.9,133.73,0.09,-0.5632408344191986,0.50664348055564,5.392070546091476,48.16421052631579,-132.0,-24.0,42.91339285714286,1.581508515815089,4.0,5.244999999999999,4.2131,2.261048304213764,0.0
2003-03-31,4.523678,0.6015645161290322,2.24,5.9,134.92,0.08,-0.476809029154035,0.497254577410785,5.015412693464127,48.8385,-206.0,-44.0,42.79806451612903,-3.3293697978596826,4.6,5.067741935483871,4.3243,2.1516393442623016,0.0
2003-04-30,3.748776,0.6096566666666666,2.17,6.0,133.36,0.08,-0.5341502191159919,0.19313425209041998,2.28920272380424,49.20714285714286,-62.0,-15.0,42.943666666666665,-8.095238095238088,3.6,5.123666666666667,4.4663,1.6326530612244872,0.0
2003-05-31,3.175917,0.6469677419354839,2.16,6.1,134.1,0.08,-0.297919256843937,-0.0619984270515823,3.1183390633764407,58.99333333333333,24.0,-21.0,42.22451612903226,0.837320574162681,2.0,4.876774193548387,4.2197,1.73469387755103,0.0
2003-06-30,2.990928,0.66465,2.28,6.3,132.29,0.09,-0.4436204986501657,-0.113975677193666,7.368296735361679,64.8055,-11.0,-38.0,41.69166666666667,-1.6910935738444155,1.3,4.641,4.1127,1.5306122448979664,-2.222222222222223
2003-07-31,3.187795,0.6620548387096774,2.34,6.2,132.45,0.09,-0.1307367747934051,-0.206276866327597,-0.3410484573719397,60.89952380952381,-2.0,-28.0,41.79516129032258,10.085054678007287,1.4,4.960967741935484,4.4078,1.1190233977619537,-3.584229390681005
2003-08-31,2.979771,0.6521741935483871,2.36,6.1,132.98,0.09,-0.1145956682837456,-0.301579129447461,3.943827336595196,56.68761904761905,-31.0,21.0,41.64403225806451,22.427440633245375,1.4,5.585806451612903,4.604,0.9137055837563414,0.0
2003-09-30,3.3326489999999995,0.6632766666666666,3.68,6.1,136.27,0.09,-0.1934584240526393,-0.450009962897894,7.383452470975827,56.65142857142857,99.0,38.0,40.513999999999996,25.099601593625497,1.4,5.4830000000000005,4.7132,1.0121457489878471,0.0
2003-10-31,3.713996,0.693825806451613,3.45,6.0,140.96,0.09,0.024217585692998197,-0.453002163464695,8.554098550054867,52.53818181818182,187.0,24.0,39.707741935483874,32.26238286479251,1.2,5.277096774193549,4.907099999999999,1.317122593718345,0.0
2003-11-30,3.431409,0.7162133333333334,3.1,5.8,140.39,0.08,-0.2326961657126314,-0.514907737378446,7.492913821524749,48.69055555555556,41.0,-17.0,39.936666666666675,35.919899874843544,1.9,5.275666666666666,5.065,1.72064777327936,0.0
2003-12-31,3.420041,0.7391967741935483,2.94,5.7,140.47,0.1,-0.3446538463800608,-0.586809821700395,7.961143813621896,48.6805,109.0,-9.0,39.729354838709675,37.406483790523694,3.0,5.218387096774194,4.896,2.2312373225152227,0.0
2004-01-31,3.395075,0.7697129032258064,2.84,5.7,140.04,0.09,-0.4308265417562351,-0.578676364882748,10.51054898002921,52.9425,167.0,89.0,39.16358064516129,35.54778554778555,3.5,5.046129032258064,4.7875,2.628918099089983,0.0
2004-02-29,3.2855099999999995,0.7763689655172414,2.33,5.6,139.1,0.09,-0.299496912489694,-0.688259662936159,15.30749723347622,61.02888888888889,65.0,8.0,39.122068965517244,64.43113772455091,3.5,4.944137931034483,4.8056,2.713567839195985,0.0
2004-03-31,3.065654,0.7485354838709677,2.27,5.8,137.38,0.08,-0.320972855317736,-0.564421533589421,10.90370868196089,65.3495652173913,319.0,72.0,39.46645161290323,80.19680196801968,3.9,4.752903225806452,4.7088,3.309929789368105,0.0
2004-04-30,3.251416,0.7454933333333333,2.61,5.6,138.32,0.08,-0.39251614349203884,-0.484823180340697,14.294133387994346,65.28454545454545,272.0,34.0,39.42333333333333,100.3886010362694,5.0,5.143,4.957,4.116465863453822,0.0
2004-05-31,3.349001,0.7047709677419355,2.81,5.6,133.75,0.08,-0.5893840289868725,-0.525468846583381,16.480610654481985,78.87157894736842,285.0,29.0,40.53645161290323,60.49822064056942,5.7,5.598709677419355,5.1118,4.413239719157458,0.0
2004-06-30,3.631165,0.6935366666666667,3.11,5.6,136.69,0.09,-0.4248740895555158,-0.624366099354385,9.249311267622272,78.36047619047619,97.0,41.0,40.82366666666667,65.25229357798163,6.4,5.659666666666666,5.2,3.919597989949763,0.4166666666666667
2004-07-31,4.359269,0.7163774193548387,3.03,5.5,135.74,0.09,-0.5380678855277488,-0.599265928937003,13.210969556261398,78.66190476190476,60.0,0.0,40.95709677419355,75.49668874172187,6.4,5.456451612903226,5.108300000000001,4.527162977867194,6.048387096774194
2004-08-31,4.790608,0.711741935483871,3.0,5.4,134.57,0.09,-0.5623591037947184,-0.601246072481056,9.110201112729488,76.03363636363636,85.0,12.0,41.51109677419355,74.67672413793103,6.8,5.282258064516129,5.0071,4.024144869215296,5.734767025089608
2004-09-30,3.850902,0.7014866666666666,2.93,5.4,134.77,0.09,-0.47698510120123266,-0.615277382462309,9.26717781324662,74.88047619047619,150.0,50.0,41.47633333333333,78.87473460721867,7.9,5.148,4.9109,4.008016032064132,3.333333333333336
2004-10-31,3.759622,0.7342806451612903,2.94,5.5,135.6,0.09,-0.4214015940527393,-0.481000303982299,6.148392109255618,72.69619047619048,340.0,38.0,41.29064516129032,64.37246963562755,8.4,5.122580645161291,4.7683,4.400000000000004,1.9354838709677438
2004-11-30,3.318989,0.77219,2.9100000000000006,5.4,138.13,0.09,-0.4962718157530688,-0.5599626960749039,7.9017358466833,75.81210526315789,74.0,19.0,40.228500000000004,51.74953959484347,8.1,5.129333333333333,4.6903,4.179104477611939,4.848484848484845
2004-12-31,3.035487,0.766641935483871,2.73,5.4,136.97,0.1,-0.5162112767769789,-0.71397462122412,4.496786251797991,72.17904761904762,127.0,23.0,39.193548387096776,65.06352087114338,7.1,5.1729032258064525,4.5316,3.968253968253976,4.3010752688172
2005-01-31,3.403024,0.7671645161290322,2.49,5.3,137.34,0.1,-0.15674757695195443,-0.629162108684542,9.291307884569466,72.0845,151.0,27.0,38.73177419354838,46.517626827171114,5.8,5.180322580645162,4.5419,4.039408866995076,0.0
2005-02-28,3.364248,0.7818857142857143,2.38,5.4,133.68,0.1,-0.3121106682483998,-0.8547748039614161,1.1563830782051145,69.22894736842105,253.0,66.0,38.4495,28.332119446467555,5.4,5.147142857142858,4.5884,3.424657534246567,4.395604395604392
2005-03-31,2.988321,0.7855322580645162,2.51,5.2,132.8,0.08,-0.3167649036749931,-0.757703546051972,6.540047860795584,69.38136363636364,120.0,19.0,38.578709677419354,24.16382252559728,5.6,5.43741935483871,4.796,3.300970873786424,2.3041474654377874
2005-04-30,3.0922260000000006,0.7741033333333333,2.21,5.2,130.79,0.08,-0.2670508936237326,-0.420823346579537,3.1343176319083454,68.9965,366.0,76.0,39.50533333333333,9.502262443438925,5.8,5.444,4.6217999999999995,3.0858244937319146,1.428571428571428
2005-05-31,3.076859,0.7660645161290323,1.52,5.1,132.12,0.08,-0.29969350200584893,-0.482064651188833,0.7825659050519908,74.92333333333333,169.0,38.0,39.82322580645161,30.524759793052468,5.9,5.284838709677419,4.4173,2.4975984630163373,3.4408602150537626
2005-06-30,2.766261,0.7664566666666667,1.5,5.0,130.72,0.09,-0.3817102592276189,-0.563167926119505,4.812414627707118,67.3252380952381,259.0,45.0,40.907000000000004,41.42956280360861,5.2,5.176,4.2847,3.1914893617021267,0.20833333333333334
2005-07-31,2.552335,0.7526967741935484,1.54,5.0,127.02,0.09,-0.4640627807826702,-0.598887468348026,7.179093398688363,67.51789473684211,352.0,64.0,41.67322580645162,28.742138364779855,5.2,5.248064516129032,4.3011,2.791145332050049,3.4274193548387095
2005-08-31,1.974286,0.7615806451612903,1.49,4.9,126.91,0.09,-0.5137681988332199,-0.720925566244896,5.869181865534556,69.71318181818182,202.0,32.0,41.11451612903225,33.25107958050586,5.3,5.393548387096774,4.3249,3.0947775628626495,3.036053130929792
2005-09-30,2.482546,0.7652166666666667,1.52,5.0,126.3,0.09,-0.4290289562528415,-0.586945332815705,4.928623136229526,67.53380952380952,50.0,-20.0,41.041333333333334,35.19287833827893,4.5,5.343,4.2109,3.564547206165703,2.0370370370370376
2005-10-31,2.278969,0.7538741935483871,1.83,5.0,122.57,0.09,-0.5607027684699117,-0.464368416432233,8.948222969356202,64.8757142857143,89.0,12.0,40.8841935483871,44.88916256157635,4.0,5.604193548387097,4.3482,3.735632183908044,0.8960573476702512
2005-11-30,2.489347,0.7344266666666666,1.53,5.0,119.18,0.09,-0.49153306137937897,-0.491088886312583,11.019164321844045,59.8847619047619,356.0,56.0,41.109,49.81796116504854,3.2,5.855,4.3129,2.769818529130852,2.807017543859646
2005-12-31,2.61811,0.7416225806451613,1.77,4.9,118.46,0.1,-0.3513975815461756,-0.517581328939291,9.847742348142518,60.60428571428571,162.0,20.0,41.07064516129032,39.252336448598136,3.2,5.821612903225806,4.2186,2.767175572519087,2.5806451612903247
2006-01-31,2.224366,0.7497548387096774,1.77,4.7,119.5,0.1036,-0.6718375998825077,-0.491732239002932,8.890171422957916,55.8405,268.0,24.0,39.57354838709677,51.23239436619718,3.1,5.714838709677419,4.0752,2.7462121212121327,0.15360983102918604
2006-02-28,2.015103,0.741525,1.78,4.8,116.36,0.11,-0.4608585418511057,-0.596098868536341,12.165098303561738,58.43222222222222,306.0,33.0,39.331785714285715,49.54597048808174,3.0,5.859999999999999,4.1543,2.743614001892136,2.551020408163268
2006-03-31,2.003013,0.7271096774193547,1.89,4.7,117.04,0.1255,-0.4072594366624771,-0.569171872816559,9.08188792541087,58.50521739130435,305.0,39.0,38.958064516129035,54.86531061022539,2.5,5.9638709677419355,4.3177,2.2556390977443552,0.5865102639296182
2006-04-30,2.000994,0.7363733333333333,2.24,4.7,115.83,0.14,-0.42965255733319324,-0.45959484620231,10.137987851244535,55.9635,172.0,-6.0,37.99,101.82998819362452,1.9,6.1306666666666665,4.5177,2.5257249766136525,1.8181818181818166
2006-05-31,2.302994,0.7638483870967743,2.27,4.6,119.9,0.27,-0.4257183750297932,-0.699302165002438,12.180718848815552,66.225,39.0,-7.0,37.97483870967742,144.33748584371463,2.4,6.207096774193549,4.6488,3.4676663542642983,2.2440392706872356
2006-06-30,2.4125,0.74066,2.51,4.6,117.89,0.35,-0.3638657092955633,-0.457748469108462,9.500896857127872,74.37954545454545,88.0,20.0,38.341,97.64474975466142,3.5,6.2909999999999995,4.6645,4.217432052483594,0.2777777777777783
2006-07-31,2.400118,0.752683870967742,3.12,4.7,116.12,0.44,-0.3685172216082999,-0.425840643878369,2.9953247023803082,70.1,192.0,25.0,37.97096774193548,116.9027845627748,3.6,6.396774193548388,4.656,4.494382022471899,2.150537634408606
2006-08-31,2.691731,0.7627999999999999,2.85,4.7,115.99,0.432,-0.2820989110545846,-0.58717553130356,10.044119971167454,71.9295652173913,163.0,11.0,37.58129032258064,89.25925925925927,3.4,6.211935483870968,4.6535,5.159474671669795,0.0
2006-09-30,2.479735,0.7552066666666666,2.72,4.5,114.83,0.436,-0.344207343617664,-0.529172497367989,12.953494072037785,67.907,134.0,21.0,37.41866666666667,87.4451273046532,3.5,6.097666666666667,4.5522,3.906976744186053,0.0
2006-10-31,2.186778,0.7539838709677419,2.7,4.4,113.29,0.447,-0.2727258328284798,-0.648992511834826,12.275723973219344,64.32,17.0,40.0,37.28516129032258,72.50318742031448,2.9,6.043225806451613,4.6155,2.8624192059095277,0.0
2006-11-30,2.097611,0.7723966666666667,2.98,4.5,112.68,0.502,-0.1016920201556748,-0.742400369187191,7.4175204900491565,62.12047619047619,217.0,60.0,36.52633333333333,51.96435803969218,2.8,5.968999999999999,4.5452,3.90334572490707,0.0
2006-12-31,2.089991,0.7858419354838709,2.84,4.4,111.19,0.54,-0.1057711770565794,-0.682530394615249,6.045423636055491,60.58650000000001,189.0,47.0,35.74483870967742,53.09909198578759,3.1,5.8751612903225805,4.6195,4.456824512534818,0.0
2007-01-31,1.681488,0.7823548387096774,2.63,4.6,108.23,0.54,-0.0959023452564267,-0.72428311314523,4.3004122883582685,59.54272727272727,223.0,41.0,35.20161290322581,28.521536670547153,3.3,5.965806451612903,4.8694,4.147465437788012,0.0
2007-02-28,2.170308,0.7829714285714287,2.82,4.5,106.54,0.66,-0.2800823679865671,-0.728864473990944,4.675314702359223,65.6765,88.0,45.0,33.8425,23.83301707779886,2.6,6.015,4.896,4.8802946593001995,0.0
2007-03-31,2.158862,0.7932290322580645,2.63,4.4,109.24,0.66,-0.3592162988169445,-0.497196464227433,3.405984535360007,61.53454545454545,224.0,66.0,32.6683870967742,25.204117855875044,2.7,5.88516129032258,4.8194,5.422794117647056,0.0
2007-04-30,2.449211,0.82732,3.9100000000000006,4.5,106.57,0.65,-0.219430315967728,-0.27260535143346,6.3775468226106025,65.4204761904762,63.0,-1.0,32.434999999999995,21.46826557472947,2.9,5.880666666666667,5.0439,5.109489051094895,0.0
2007-05-31,2.348455,0.8249290322580646,3.58,4.4,104.48,0.67,-0.1227782452048575,-0.571386266520651,5.655559967101653,73.51,145.0,29.0,32.773548387096774,1.1587485515643037,2.8,5.940322580645161,5.1458,4.619565217391308,0.0
2007-06-30,2.548022,0.8420933333333332,3.14,4.6,102.37999999999998,0.73,-0.2954349193541095,-0.58799309471355,6.654512618873443,74.06476190476191,78.0,-6.0,32.357,6.330685203574982,2.5,6.303333333333333,5.4321,4.316546762589923,0.0
2007-07-31,2.5394030000000005,0.8660225806451612,3.14,4.7,101.65,0.77,-0.246221794760737,-0.21586918561082,13.749916661562246,70.81238095238095,-26.0,14.0,30.44516129032258,5.135135135135127,2.4,6.358064516129032,5.4084,4.0322580645161255,0.0
2007-08-31,2.039272,0.8290387096774193,3.2,4.6,106.9,0.84,-0.1319059263235278,0.73417058904946,9.136324411435991,70.35739130434783,-31.0,-3.0,31.818387096774195,6.506849315068486,2.6,6.248709677419355,5.1499,3.746654772524538,-3.870967741935482
2007-09-30,2.324765,0.8462966666666667,3.64,4.7,107.28,0.85,-0.28860788146724,0.345941001719483,5.189013420815791,63.15166666666667,86.0,32.0,32.06433333333334,7.21311475409836,2.7,6.054333333333333,4.9928,4.476275738585489,-4.568115942028987
2007-10-31,3.015844,0.9005677419354838,3.88,4.7,104.62,0.85,-0.1943584434251022,0.336064161638936,7.824547046423391,56.69478260869565,76.0,-4.0,31.528709677419354,13.303769401330378,3.2,6.039032258064516,4.9576,5.565529622980248,-0.9951245575369004
2007-11-30,3.517898,0.8976233333333333,5.02,4.7,107.5,0.87,0.0228642321892458,0.985045318947312,8.062815431556913,49.949,115.0,61.0,31.384,7.862473347547971,4.6,5.860666666666666,4.7263,6.171735241502696,-2.3809523809523836
2007-12-31,3.605857,0.8723354838709677,4.55,5.0,106.21,0.86,-0.2693763222980538,1.05328835389562,11.774778320000737,53.27684210526316,105.0,-6.0,30.168064516129032,-1.7019082001031527,5.4,5.748387096774194,4.6937,6.044444444444452,-2.5806451612903247
2008-01-31,3.890399,0.8817967741935484,4.27,5.0,109.13,0.85,0.0364916749678645,1.5381826487980097,12.691451355549786,49.76136363636364,-4.0,-22.0,30.28516129032258,19.444444444444464,6.1,5.323225806451613,4.4925,6.814159292035393,-5.772495755517829
2008-02-29,3.575834,0.9111310344827586,4.26,4.9,107.79,0.85,0.1639706911418681,1.28581745623016,10.468532836586151,57.85619047619048,-62.0,-41.0,31.21448275862069,37.02114618449279,6.6,5.354827586206897,4.6234,6.9359086918349355,-8.892921960072597
2008-03-31,3.938604,0.9229032258064516,4.39,5.1,113.16,0.84,0.1613603053648882,1.9294795986792497,13.209816913562754,53.24047619047619,-70.0,-20.0,31.35967741935484,36.206407711936485,8.0,5.461290322580645,4.445,7.933740191804706,-13.133640552995391
2008-04-30,4.116459,0.9301866666666666,4.51,5.0,109.93,0.84,-0.1150359449978877,1.61870829146612,11.720802475120172,61.15136363636364,-219.0,-100.0,31.57133333333333,18.396339995184196,8.1,5.465,4.643199999999999,7.986111111111116,-2.0549450549450547
2008-05-31,4.874351,0.949541935483871,4.38,5.4,109.19,0.84,0.0246654009072422,1.03342905142014,9.418021866615534,78.11238095238095,-189.0,-87.0,32.02129032258065,8.934707903780058,8.2,5.594516129032258,4.8683,8.051948051948044,-4.838709677419354
2008-06-30,5.543707,0.9519066666666666,4.2,5.6,106.31,0.86,0.3196324276915074,1.67891179189461,9.1458542984185,73.8952380952381,-151.0,-48.0,33.172,10.039691804809705,8.8,5.8806666666666665,5.2103,8.706896551724144,0.0
2008-07-31,5.90396,0.9624967741935484,4.47,5.8,105.42,0.85,0.3958455184418508,2.44893976550117,7.109664327006149,76.07571428571428,-203.0,-64.0,33.453870967741935,4.027420736932297,10.0,5.958387096774194,5.0494,10.249784668389328,0.0
2008-08-31,5.613236,0.8820322580645161,4.08,6.1,105.53,0.85,0.3002907355779349,1.75716656602114,3.916611558544991,84.56190476190476,-286.0,-100.0,33.81903225806452,4.019292604501601,10.1,6.038387096774193,4.7267,8.254514187446272,0.0
2008-09-30,5.108385,0.8193666666666667,4.14,6.1,110.52,0.87,0.5375658889103629,2.80549607975491,3.049389035729111,71.16222222222223,-451.0,-113.0,34.24733333333334,-6.2035823503713505,9.1,5.6593333333333335,4.5701,7.026563838903166,0.0
2008-10-31,4.815807,0.6850516129032258,4.25,6.5,122.98,0.89,0.4726199675968878,5.7280239965860495,-1.5551978828347024,63.67173913043478,-469.0,-111.0,34.39354838709678,-28.375733855185914,6.6,5.853548387096774,4.5789,3.996598639455784,-14.234511008704557
2008-11-30,4.532822,0.65772,3.55,6.8,129.92,0.88,0.1082324224185304,5.80502343950882,-12.46370555805193,52.60421052631579,-750.0,-206.0,35.059,-42.8712626637015,2.0,5.846666666666667,4.2571,-0.2527379949452402,-12.38095238095238
2008-12-31,4.139012,0.6701064516129032,1.9,7.3,137.01,0.74,0.190327650394706,5.653341726544951,-22.252488698473716,53.69909090909091,-694.0,-173.0,34.99322580645161,-46.56348373557188,-1.1,5.107741935483871,3.6238,-2.933780385582563,-30.967741935483872
2009-01-31,3.747232,0.6766580645161291,2.3,7.8,137.52,0.72,-0.13659642574018752,5.76791762326308,-22.77820046446498,55.99285714285714,-768.0,-140.0,34.85258064516129,-49.79777553083924,-3.3,4.724516129032258,3.6699,-3.396851698425851,0.0
2009-02-28,4.104248,0.6515392857142857,1.09,8.3,136.06,0.71,-0.134856052882315,4.84541325002728,-14.045162070321894,57.3705,-761.0,-154.0,35.307857142857145,-52.985909192574375,-4.5,4.785357142857142,3.6899,-4.51559934318555,0.0
2009-03-31,3.881264,0.6668,1.27,8.7,128.83,0.65,-0.1832591380033221,4.815978965505328,-12.35316927587432,57.35181818181818,-824.0,-163.0,35.723225806451616,-55.74521232306411,-6.0,4.641612903225806,3.2497,-6.7043618739903055,0.0
2009-04-30,3.581927,0.7163799999999999,1.12,9.0,125.29,0.6,-0.1353104412396666,4.69327578945332,-9.547456243734995,57.83272727272727,-672.0,-157.0,35.39,-47.54931869025829,-6.6,4.503333333333333,3.4072,-6.672025723472674,0.0
2009-05-31,2.734289,0.7656612903225807,1.14,9.4,124.95,0.57,-0.5187405849627846,3.2111272915551,-7.2391914529133405,58.53052631578947,-356.0,-60.0,34.622580645161285,-44.71083070452156,-7.2,4.508387096774193,3.6206,-6.570512820512819,0.0
2009-06-30,1.992672,0.8038733333333333,1.2,9.5,123.55,0.56,-0.7437904042235544,1.87117512771815,-2.6538534283660264,57.05090909090909,-458.0,-54.0,34.104,-36.74941650753235,-7.8,4.877666666666666,3.7221,-6.5820777160983335,0.0
2009-07-31,1.618186,0.8030483870967742,1.68,9.5,125.77,0.55,-0.9043894252946716,1.84001585457114,0.6059477124748192,57.84619047619048,-346.0,-103.0,34.02903225806452,-37.64415156507413,-8.2,4.692258064516129,3.8238,-8.281249999999996,0.0
2009-08-31,2.16228,0.8356032258064516,1.7,9.6,124.36,0.54,-0.9794484524317416,1.34362122127961,1.3224974046573743,49.56238095238095,-190.0,-36.0,34.00451612903226,-18.1055420622654,-7.9,4.623548387096774,3.7142,-6.195393169181895,0.0
2009-09-30,2.1603179999999997,0.8615433333333333,1.78,9.8,127.71,0.5400000000000001,-1.1432733740632584,1.03368223650388,7.587087058407227,50.56238095238095,-226.0,-57.0,33.79833333333333,-20.3306939916162,-7.0,4.491,3.6566,-5.604483586869491,0.0
2009-10-31,1.981888,0.9054387096774194,1.81,10.0,127.1,0.53,-1.3402348618258952,0.879223817984485,4.5975001531952,50.89772727272727,-185.0,-83.0,33.38870967741936,5.64663023679417,-5.8,4.384193548387096,3.5699,-3.5977105478331883,0.0
2009-11-30,2.438847,0.9192466666666667,2.08,9.9,127.83,0.51,-1.0477266477175171,0.702580168262702,19.448085663947825,54.128,-4.0,-36.0,33.26033333333333,56.4446366782007,-2.1,4.356,3.7592,0.4222972972973027,0.0
2009-12-31,2.800607,0.9006516129032258,1.86,9.9,126.84,0.46,-1.1643201728880337,0.565186882630628,36.58778440854293,61.84818181818182,-249.0,-96.0,33.20451612903226,84.43789887088857,1.7,4.364193548387097,3.8871,3.367875647668406,0.0
2010-01-31,3.518496,0.9107645161290322,1.85,9.8,124.5,0.45,-0.8670581567133295,0.610015586649952,36.601596078836394,67.3395,-6.0,49.0,33.0558064516129,91.74219536757302,4.3,4.45483870967742,4.0025,3.516295025728988,0.0
2010-02-28,2.9839239999999996,0.8852392857142857,1.94,9.8,126.82000000000001,0.44,-0.7624982260194146,0.32720163562937304,25.49951676329041,66.1842105263158,-96.0,-12.0,33.127500000000005,75.11893434823979,5.4,4.366785714285714,4.0624,3.439380911435941,17.857142857142858
2010-03-31,2.458154,0.9118483870967742,1.91,9.9,125.81,0.43,-0.8622693055366559,-0.023145503952607,23.287603186913252,70.92565217391304,160.0,46.0,32.483870967741936,99.48259642521168,5.9,4.336451612903226,4.0915,4.935064935064948,12.903225806451612
2010-04-30,2.598316,0.9258233333333333,1.73,9.9,121.11,0.4,-1.322087782395187,-0.178647022853759,20.512242592416396,77.57318181818182,254.0,2.0,32.26033333333333,61.03140752229548,6.81,4.422666666666667,4.1007,5.512489233419471,0.0
2010-05-31,2.702058,0.8725806451612903,2.02,9.6,125.49,0.39,-1.276646996265829,0.60581277009545,20.48207135194735,85.284,522.0,14.0,32.372580645161285,41.87904146063144,7.13,4.2941935483870965,3.7772,5.574614065180095,0.0
2010-06-30,2.688929,0.8538933333333334,3.69,9.4,128.28,0.38,-1.321161363216894,0.521318698454155,16.2901158046461,78.71545454545455,-132.0,22.0,32.44766666666666,17.645085541764495,6.4,4.171666666666667,3.6006999999999993,3.735144312393901,0.0
2010-07-31,2.530742,0.8763096774193548,2.48,9.4,130.54,0.37,-1.4527952647287454,0.474151452226414,14.40405331704122,78.79631578947368,-95.0,21.0,32.28774193548387,25.561426684280057,4.8,4.0438709677419356,3.5087,3.918228279386704,0.0
2010-08-31,2.681788,0.9002870967741935,2.44,9.5,132.59,0.36,-1.595566423474715,0.223507159259124,12.699476208440696,83.15142857142857,0.0,11.0,31.71741935483871,14.828794823402536,4.3,3.916451612903226,3.233,4.149026248941579,0.0
2010-09-30,3.407571,0.9375766666666666,2.56,9.5,132.65,0.36,-1.6357394017152305,0.154924446297189,8.234001608120401,81.9347619047619,-74.0,27.0,30.802666666666667,30.400467699503064,4.3,3.82,3.1271,4.9194232400339155,0.0
2010-10-31,3.682555,0.981632258064516,2.75,9.4,133.64,0.34,-1.0765028166744517,0.191342113890741,11.839386604405,71.15095238095238,279.0,62.0,29.92967741935484,43.936781609195386,5.0,3.674516129032258,3.0685,5.767599660729439,0.0
2010-11-30,2.988718,0.9889466666666666,3.38,9.8,131.82,0.34,-1.3253587801470124,0.023264963937928,10.685567030304298,63.47952380952381,129.0,-1.0,29.873,33.09372408072988,6.1,3.6823333333333332,3.311,6.476030277544154,0.0
2010-12-31,3.033703,0.9934193548387097,4.94,9.3,130.63,0.34,-1.078434202529055,-0.127805355006455,11.186341414349531,68.81428571428572,81.0,32.0,30.08967741935484,28.77295714665957,5.9,4.039677419354839,3.6097999999999995,6.516290726817031,0.0
2011-01-31,3.441084,0.9957290322580645,4.98,9.1,129.84,0.34,-1.2042418638317565,-0.247456563215824,12.50076316159574,75.04238095238095,7.0,18.0,30.54,32.03781512605042,6.6,4.101935483870967,3.7273,6.959403479701742,0.0
2011-02-28,3.939291,1.0093821428571428,4.839999999999999,9.0,128.13,0.34,-1.1889142340838266,-0.433179966158973,8.280945585182842,83.21850000000002,220.0,71.0,30.687142857142856,41.61912523770712,7.2,4.210357142857143,3.8799,8.728179551122217,0.0
2011-03-31,4.133215,1.0113290322580644,4.02,9.0,128.53,0.33615,-1.28303266962283,-0.269838138361159,8.78188756167868,84.63818181818182,226.0,48.0,30.330967741935485,20.44329167649139,7.3,4.082903225806452,3.7386,9.488448844884466,0.0
2011-04-30,3.816785,1.0590333333333333,3.94,9.1,123.86,0.33286,-0.9940087889982684,-0.385828519822441,5.813063356295811,92.05761904761904,314.0,97.0,30.04366666666667,22.176739706236436,6.8,4.069333333333334,3.7619,9.224489795918366,0.0
2011-05-31,3.91162,1.0683483870967743,4.24,9.0,126.8,0.33214,-0.7685514236744018,-0.424405654075628,5.442994203021478,92.44857142857144,106.0,15.0,30.21483870967742,29.329758713136723,6.8,3.8367741935483872,3.5053,9.098294069861913,0.0
2011-06-30,4.217757,1.06138,5.91,9.1,127.55,0.33214,-0.7509069228000764,-0.181703738109981,6.015371498109556,94.545,228.0,56.0,30.49366666666667,40.06273167949814,7.1,3.694666666666667,3.4144,10.065466448445171,0.0
2011-07-31,4.509708,1.078532258064516,5.89,9.0,128.54,0.33214,-0.5164238523724829,-0.0743618614745867,5.15154012815906,96.915,61.0,48.0,30.09,40.13677012098895,7.5,3.682903225806452,3.3137,9.836065573770504,0.0
2011-08-31,4.685679,1.048493548387097,5.19,9.0,132.2,0.32857,-0.4103088768643625,0.727894663315721,5.425861173402269,103.0247826086957,133.0,19.0,29.879677419354838,15.02700164357831,7.3,3.4706451612903226,2.7833,9.430894308943085,0.0
2011-09-30,3.759002,1.0262466666666668,5.69,9.0,134.77,0.32929,-0.390143695340206,0.875574830402113,5.230590688658698,88.55428571428571,219.0,17.0,30.395666666666667,0.4259134723156199,6.5,3.320666666666667,2.504,9.37752627324171,0.0
2011-10-31,3.562064,1.0162516129032257,5.67,8.8,135.86,0.32929,-0.8853760857883697,0.95979961117335,6.441812241998512,92.47761904761904,209.0,37.0,30.841290322580647,-20.503094430025943,5.0,3.337741935483871,2.529,6.335204490777868,0.0
2011-11-30,4.174625,1.00864,5.73,8.6,133.75,0.32929,-1.0634332417753911,0.565582893390964,4.038781563517846,85.70285714285714,137.0,28.0,30.949,-12.692147901952634,2.7,3.3073333333333332,2.2917,4.8183254344391635,0.0
2011-12-31,4.158119,1.0128903225806452,5.57,8.5,133.99,0.32929,-1.029440876415144,0.543917866688562,0.25949998285563775,83.75833333333333,198.0,13.0,31.161935483870966,-15.646961554361305,1.7,3.2448387096774196,2.1828,3.607843137254907,0.0
2012-01-31,3.345868,1.039932258064516,6.8,8.3,134.95,0.33077,-0.8061608053267721,0.408008574697704,-0.3279883013631912,84.12619047619047,358.0,93.0,31.518387096774195,-14.220365950676218,0.7,3.2038709677419357,2.1104,2.6336173508907823,0.0
2012-02-29,3.032894,1.0724586206896551,5.36,8.3,130.6,0.33167,-0.5326049189856907,0.0743081848066482,6.9883917118078065,86.4052380952381,263.0,29.0,30.696206896551722,-11.989257625167838,0.0,3.162758620689655,2.2191,1.758409785932713,0.0
2012-03-31,2.662543,1.0538387096774193,4.72,8.2,124.53,0.33167,-0.4161825542559172,-0.0982714027204894,0.8499542009091421,84.6895,239.0,30.0,30.691612903225806,-10.375880971025842,-0.3,3.195806451612903,2.323,1.0550113036925437,0.0
2012-04-30,2.552477,1.03576,4.37,8.2,126.39,0.33167,-0.1092127260727049,-0.040468526172391,3.56115221448563,79.8525,77.0,9.0,30.85033333333333,-12.751281040599128,-0.7,3.152,2.2117,0.6726457399103047,0.0
2012-05-31,2.538633,0.996941935483871,4.04,8.2,130.18,0.33167,-0.4823980471046485,0.135654497912967,3.5005971608741415,79.15227272727273,107.0,52.0,31.29,-12.645107794361522,-1.4,3.047096774193548,1.9416,-0.2233804914370862,0.0
2012-06-30,2.1958289999999994,0.9976033333333334,3.7,8.2,131.89,0.33455,-0.5622825213910555,0.115607071819435,0.673616196160398,91.872,81.0,-14.0,31.613999999999997,-18.77035830618893,-2.1,2.9566666666666666,1.7698,-2.0817843866171137,0.0
2012-07-31,1.476105,1.0299548387096773,3.46,8.2,131.84,0.32727,-0.668149715555666,0.051656619449532,-0.0228112293711446,94.47,144.0,6.0,31.606774193548386,-22.3536036036036,-2.9,2.854193548387097,1.6523,-1.3432835820895606,0.0
2012-08-31,1.265613,1.0479451612903226,3.59,8.1,131.32,0.32727,-0.5012732005924114,-0.244676699140646,-1.4108734780600374,86.37869565217392,182.0,32.0,31.394516129032258,-15.472545417432116,-3.5,2.86,1.6735,-0.8915304606240682,0.0
2012-09-30,2.087839,1.0411033333333333,4.12,7.8,130.31,0.32727,-0.6165402725026303,-0.361696477707868,-0.2553532134868752,68.76842105263158,178.0,26.0,30.946666666666665,-0.8258928571428515,-3.6,2.815,1.7222,-0.5912786400591341,0.0
2012-10-31,2.090704,1.0291290322580644,3.78,7.8,128.09,0.32636,-0.5568999112066875,-0.339288912546971,-0.1362350396521883,79.71521739130434,152.0,40.0,30.669354838709676,11.049723756906072,-2.8,2.6951612903225803,1.7721,1.5082956259426794,0.0
2012-11-30,1.631431,1.0396366666666668,3.82,7.7,124.56,0.31818,-0.3587949046026106,-0.36575803038892,2.575323057355905,77.89761904761905,156.0,68.0,30.692,-2.165120152272193,-2.2,2.664,1.7741,0.8289374529012906,0.0
2012-12-31,1.426072,1.0458870967741936,3.97,7.9,119.56,0.30818,-0.5986794862180345,-0.422300279728814,4.872508937212383,80.01894736842105,249.0,13.0,30.615806451612904,4.141141876990928,-1.9,2.6554838709677417,1.8467,1.13550340651023,0.0
2013-01-31,1.628636,1.0490483870967742,3.77,8.0,111.68,0.29182,-0.633264995903049,-0.513060759073025,4.288626407637253,82.78952380952381,183.0,37.0,30.065161290322582,-1.2056573150938998,-1.6,2.6761290322580646,2.0795,1.2075471698113072,0.0
2013-02-28,1.5831770000000003,1.0317535714285715,3.71,7.7,106.06000000000002,0.26909,-0.9092749749325945,-0.587269884853775,-2.284680938866235,83.07631578947368,289.0,24.0,29.81107142857143,-5.579773321708814,-1.6,2.7764285714285712,2.1781,1.5026296018031626,0.0
2013-03-31,1.460475,1.0342870967741935,3.52,7.5,105.14,0.25,-0.7024978247664793,-0.552115211238558,-0.0397225896222708,73.35666666666667,143.0,-5.0,29.50032258064516,-8.235037134119704,-1.9,2.7577419354838706,1.9768,0.2237136465324418,0.0
2013-04-30,1.329622,1.0376166666666666,3.63,7.6,101.82,0.22818,-0.5900108534085846,-0.408320869643667,-0.6720007034773157,77.94636363636364,184.0,26.0,29.05,-10.526315789473673,-2.6,2.6666666666666665,1.7824,-0.8166295471417894,0.0
2013-05-31,1.148536,0.991341935483871,3.84,7.5,98.92,0.22818,-0.3146926669073235,-0.534933456720266,-1.5787113796511765,89.16636363636364,223.0,35.0,29.781935483870967,-6.786900806834351,-2.9,2.6887096774193546,1.9462,-0.8208955223880543,0.0
2013-06-30,1.168716,0.9429366666666666,6.65,7.5,103.09,0.22818,-0.1261515672949742,-0.35306400098571394,0.4929100373659567,98.1,183.0,57.0,30.79866666666667,-3.5839598997493782,-2.7,3.1203333333333334,2.3063,0.8352315869400329,0.0
2013-07-31,1.615408,0.9149032258064517,5.09,7.3,101.16,0.228,0.0802314390623282,-0.518439775507839,0.0488792332779874,98.44681818181816,112.0,43.0,31.113225806451613,-9.572153734590271,-2.3,3.439032258064516,2.471,0.302571860816947,0.0
2013-08-31,1.505634,0.9043387096774194,5.4,7.2,103.03,0.228,0.0556430295132193,-0.64741330550586,3.620832009633057,96.12090909090908,255.0,68.0,31.536451612903225,-3.1393383240763133,-1.6,3.4848387096774194,2.7088,-1.124437781109444,0.0
2013-09-30,0.980413,0.9273366666666667,5.58,7.2,101.21,0.228,0.1293404593355918,-0.653200101763977,0.2877250637678186,91.72842105263156,175.0,65.0,31.651666666666664,-9.9257258609048,-1.3,3.529333333333333,2.8443,-1.5613382899628214,0.0
2013-10-31,0.860958,0.9522935483870968,5.14,7.2,101.77,0.221,0.4004852170963691,-0.645444349833403,0.9251179509862429,87.75545454545455,220.0,24.0,31.18322580645161,-9.475350520126636,-1.5,3.2890322580645166,2.6784,-2.2288261515601815,0.0
2013-11-30,1.200943,0.9314433333333334,6.429999999999999,6.9,99.96,0.22,0.5917628476403092,-0.7514656437079071,-0.5686376559494444,81.49894736842106,276.0,57.0,31.622,-4.207198443579774,-1.4,3.281,2.7598,-1.4947683109118093,0.0
2013-12-31,1.143477,0.8978935483870968,6.96,6.7,96.51,0.22,0.7542104467903153,-0.936037544695328,0.9060704040790403,78.57047619047619,55.0,73.0,32.37032258064516,-7.458823529411762,-1.4,3.470322580645161,2.9458,-0.9730538922155584,0.0
2014-01-31,1.08058,0.8858967741935484,6.76,6.6,96.12,0.22,0.7452303546276129,-0.7858951429099311,-0.0744723980598327,78.85227272727273,189.0,17.0,32.909032258064514,-6.547758742079335,-1.6,3.490322580645161,2.91,-1.043997017151388,0.0
2014-02-28,1.01249,0.8960464285714286,5.14,6.7,97.67999999999999,0.212,0.9208252580124698,-0.807042004743273,1.5929631924205492,86.352,151.0,-25.0,32.62,-8.864265927977833,-2.0,3.3514285714285714,2.8146999999999998,-1.0362694300518172,0.0
2014-03-31,1.292065,0.9084387096774194,4.84,6.7,97.53,0.212,0.7504329062928194,-0.760720839427454,3.3434941911519855,113.2133333333333,273.0,51.0,32.3741935483871,-8.25993810997383,-2.3,3.3619354838709676,2.7837,0.3720238095238137,0.0
2014-04-30,1.498551,0.9317300000000001,4.64,6.2,99.23,0.212,2.3396750650278575,-0.828543999013726,3.012319696424015,120.33454545454552,313.0,67.0,32.294,-5.427922241858118,-2.0,3.3930000000000002,2.7417,-0.0748502994011968,0.0
2014-05-31,1.665535,0.9302064516129033,4.5,6.3,100.1,0.21,2.434284940883047,-0.971222634148863,-0.1217285206967844,110.4685714285714,215.0,43.0,32.53064516129032,-2.189409368635442,-1.4,3.2948387096774194,2.6989,0.6019563581640242,0.0
2014-06-30,1.658936,0.9367033333333333,4.59,6.1,99.83,0.21,2.3763410629216386,-1.0365173334834,2.4266947849125087,115.2747619047619,336.0,73.0,32.488,-1.0657655315830403,-1.9,3.261,2.7842,0.1506024096385561,0.0
2014-07-31,1.589728,0.9386032258064516,4.57,6.2,99.99,0.21,2.511583984116461,-0.893539339972133,4.422297183195023,128.6677272727273,223.0,54.0,32.10258064516129,6.896551724137923,-0.9,3.2364516129032257,2.7343,0.3770739064856698,0.0
2014-08-31,1.408224,0.9308645161290322,4.47,6.1,99.18,0.21,2.4188483675993577,-0.835003919199189,-0.9737856008152136,109.197619047619,197.0,24.0,32.00451612903226,-3.664921465968596,-0.2,3.244516129032258,2.5347,0.3790750568612555,0.0
2014-09-30,1.146448,0.9048633333333334,4.44,5.9,95.94,0.21,2.3884027534110785,-0.816080732626932,0.1636306673047372,100.5319047619048,294.0,47.0,32.184,-4.67266366816591,-1.8,3.3036666666666665,2.4919,-0.37764350453172163,0.0
2014-10-31,1.149956,0.8768838709677419,4.26,5.7,95.8,0.192,2.298314069509644,-0.330602112256106,-3.016056696145475,101.9,235.0,61.0,32.44483870967742,-6.719960029977523,-2.2,3.220322580645161,2.2469,-0.6838905775076065,0.0
2014-11-30,0.965462,0.8648133333333334,4.22,5.8,89.64,0.182,2.287545376656497,-0.691889482524669,-1.6187293005015755,86.15947368421052,291.0,51.0,32.778333333333336,-6.06752982990606,-2.7,3.181,2.1593,-1.7450682852807375,0.0
2014-12-31,0.833432,0.8234806451612903,5.22,5.6,88.47,0.179,2.174700655158235,-0.498275534820063,-0.7118839531907062,82.81454545454545,275.0,52.0,32.88645161290323,-12.585812356979408,-3.3,3.1258064516129034,1.9287,-3.023431594860171,0.0
2015-01-31,0.974074,0.8073483870967741,4.98,5.7,90.59,0.173,2.2166314366200757,-0.162274357609701,-4.173328935603415,72.99571428571429,204.0,30.0,32.72677419354839,-19.110999497739822,-4.9,3.0141935483870967,1.589,-4.973624717407688,0.0
2015-02-28,0.645882,0.7796857142857142,5.410000000000001,5.5,90.25,0.171,2.122890379420661,-0.379244960088852,-1.536710357451343,61.8365,259.0,42.0,32.56428571428572,-23.22695035460992,-4.8,2.9978571428571428,1.7365,-5.83395661929692,0.0
2015-03-31,0.470511,0.7723967741935484,5.18,5.4,90.07,0.17,2.116840635069628,-0.445808905907312,-3.1158025306317727,61.70636363636364,96.0,47.0,32.62387096774194,-15.28282304099636,-4.6,3.0429032258064517,1.7941,-6.671608598962198,0.0
2015-04-30,0.436241,0.7737233333333333,4.1,5.4,90.44,0.17,0.5520363001177974,-0.492871954054919,-1.8663796765697185,60.98272727272727,273.0,16.0,32.495666666666665,-11.61238654564869,-4.6,2.942333333333333,1.755,-6.292134831460682,0.0
2015-05-31,0.552088,0.7876806451612903,3.11,5.6,89.14,0.169,0.5296407876418607,-0.725502460386643,-0.8391198835074443,77.32,342.0,65.0,33.50258064516129,-10.671525247267043,-4.6,3.0396774193548386,2.0243,-5.983545250560951,0.0
2015-06-30,0.701341,0.77092,3.35,5.3,87.05,0.169,0.4733314783929021,-0.604868872390544,-1.9690858291627864,77.35045454545455,171.0,37.0,33.72366666666667,-13.13715186547556,-4.8,3.187,2.1696,-5.789473684210533,0.0
2015-07-31,0.735279,0.7419516129032258,3.21,5.2,87.96,0.169,0.42657178412561786,-0.456249767265171,-3.797255358734219,75.92478260869565,282.0,38.0,34.29387096774193,-26.13153288322081,-5.4,3.2196774193548388,2.1353,-6.235912847483094,0.0
2015-08-31,0.7001510000000001,0.730141935483871,3.05,5.1,89.5,0.169,0.495588307269168,-0.230038595904085,2.3186668046282,75.5752380952381,134.0,20.0,35.37645161290323,-26.449275362318836,-5.9,3.1351612903225807,1.9799,-7.099697885196377,0.0
2015-09-30,0.503757,0.70534,3.1600000000000006,5.0,92.4,0.169,0.6787682223277081,-0.0661301097221346,4.661449124356665,69.84285714285714,150.0,-12.0,35.983333333333334,-24.37745740498034,-5.9,3.0929999999999995,1.8814,-7.278241091736171,0.0
2015-10-31,0.807813,0.7204,3.19,5.0,91.86,0.169,0.6126922027222426,-0.224047231303798,4.242342130029808,71.235,304.0,41.0,35.67709677419355,-25.575790037493302,-5.9,3.010967741935484,1.8459999999999999,-6.656465187452176,0.0
2015-11-30,0.820082,0.7144600000000001,3.06,5.1,90.64,0.169,0.6173671139039659,-0.344311465436903,2.538461663666358,57.034,229.0,24.0,35.77366666666667,-29.43243243243243,-5.9,3.143666666666667,1.9779000000000002,-6.486486486486487,0.0
2015-12-31,1.1318429999999997,0.7250258064516129,2.97,5.0,91.8,0.169,0.8071944443803103,-0.0210127311013278,-1.3717356117599055,53.10909090909091,269.0,34.0,35.99709677419355,-27.86503781268179,-5.9,3.1990322580645163,1.9234,-6.625097427903359,16.129032258064516
2016-01-31,0.622339,0.7024935483870968,3.19,4.8,95.46,0.169,0.490164585175723,0.254272432245511,1.140896817514392,54.5105,133.0,6.0,36.11354838709677,-26.544551381558534,-5.3,3.174193548387097,1.7833,-5.868358445678023,3.2258064516129026
2016-02-29,1.113261,0.7126172413793104,2.95,4.9,97.04,0.098,0.6114961189817025,0.542518168862403,0.2479346249167457,62.94428571428571,196.0,63.0,35.61103448275862,-18.112834048168935,-4.9,2.9686206896551726,1.5032,-6.11596505162828,0.0
2016-03-31,0.84253,0.7511903225806451,2.77,5.0,97.56,0.098,0.6535842681789639,-0.0382408210772427,2.8265734580152246,63.43391304347826,256.0,76.0,35.19258064516129,-18.49923430321592,-4.3,2.9625806451612906,1.5434,-6.195393169181895,0.0
2016-04-30,1.001849,0.7662266666666666,2.95,5.1,99.56,0.05999999999999999,0.5899819781904014,-0.0748248603890524,0.1843061153405933,64.81238095238095,192.0,18.0,35.06433333333334,-19.63153125943824,-3.4,2.8863333333333334,1.5688,-5.115907274180653,0.0
2016-05-31,0.77985,0.7309677419354839,2.89,4.8,101.09,0.06,0.48488371280102077,-0.250312146316685,5.974715700616251,73.99095238095238,46.0,17.0,35.42354838709678,-24.533799533799527,-2.8,2.8470967741935485,1.5366,-4.534606205250602,0.0
2016-06-30,0.739656,0.7398833333333333,2.87,4.9,104.48,0.059000000000000004,0.5406943426187638,-0.0448994247978796,3.7129478143220984,79.05272727272727,247.0,18.0,35.267,-23.563218390804607,-2.6,2.8523333333333336,1.3105,-3.5115722266560234,0.0
2016-07-31,0.369163,0.7530032258064516,2.87,4.8,106.1,0.058,0.3419596487614695,-0.209205194445307,3.8920858354939414,76.0115,373.0,46.0,35.020322580645164,-10.189573459715628,-1.7,2.7506451612903224,0.9569,-2.9647435897435903,0.0
2016-08-31,0.487328,0.7628903225806452,2.77,4.9,108.28,0.058,0.2276403940444371,-0.308226583965893,-0.4368262579575121,65.15608695652173,141.0,46.0,34.72387096774194,-5.981703026037999,-0.8,2.7480645161290322,0.7421,-2.357723577235782,0.0
2016-09-30,1.348904,0.7580066666666667,2.81,5.0,107.59,0.056,0.0126585432707937,-0.345534102957733,-1.4807817181840213,58.7147619047619,306.0,12.0,34.716,-11.022530329289436,0.1,2.7603333333333335,0.8242999999999999,-1.4717906786590353,0.0
2016-10-31,1.487901,0.7608516129032259,2.91,4.9,106.96,0.056,0.1924911521785643,-0.432446431902718,-1.065492341098906,50.22904761904762,98.0,24.0,35.034516129032255,-3.9222741993522825,1.2,2.7564516129032257,1.078,-1.0655737704918011,0.0
2016-11-30,1.530817,0.7522366666666667,3.35,4.7,104.05,0.056,0.1490410958904231,-0.22121578491852503,4.713589256695205,46.61095238095238,118.0,-26.0,35.342333333333336,13.289927230945995,3.3,3.0326666666666666,1.3818,-0.2477291494632494,0.0
2016-12-31,1.337962,0.7334967741935483,4.77,4.7,97.8,0.056,0.0276859339521262,-0.623001264294851,4.43718476371191,53.44761904761905,225.0,61.0,35.781290322580645,26.65322580645162,5.5,3.419032258064516,1.4336,1.2520868113522488,13.709677419354838
2017-01-31,2.240843,0.7454129032258064,4.57,4.7,97.79,0.056,0.1774788365180413,-0.543177920171165,6.960404004954279,61.37272727272727,220.0,44.0,35.460967741935484,35.12256973795436,6.9,3.403225806451613,1.4203,2.4431339511373107,0.8064516129032258
2017-02-28,2.082811,0.7667714285714285,5.51,4.6,98.46,0.056,-0.0026420412410631997,-0.67737280115573,4.292169048666694,71.769,218.0,-3.0,34.99142857142857,29.290894439967776,7.8,3.38,1.3058,3.21489001692048,0.0
2017-03-31,2.276897,0.761658064516129,4.86,4.4,98.36,0.056,-0.2865977961844845,-0.657084951281697,5.033666930721025,68.39391304347826,124.0,-13.0,34.89645161290323,20.894400601277695,7.6,3.4170967741935483,1.194,3.386960203217604,10.322580645161288
2017-04-30,1.955573,0.7538566666666667,4.4,4.4,100.78,0.056,-0.2427061386457429,-0.582788917644931,4.636029331420821,59.61299999999999,205.0,3.0,34.445,17.775272453964664,6.4,3.314,1.0789,3.1171019376579734,1.333333333333333
2017-05-31,2.003555,0.7433870967741936,4.86,4.4,98.37,0.056,-0.2742201274989475,-0.727130897415889,1.873177582443453,68.25136363636364,205.0,6.0,34.43483870967742,17.7992277992278,5.5,3.2538709677419355,1.1175,1.416666666666666,0.0
2017-06-30,1.806278,0.7557166666666666,5.13,4.3,98.62000000000002,0.056,-0.1827980743013824,-0.620632841157391,0.4813693837811827,82.05363636363636,203.0,14.0,33.996,17.965967550455098,5.5,3.174,1.0845999999999998,0.5789909015715412,8.888888888888893
2017-07-31,2.167011,0.7799,4.35,4.3,96.4,0.075,-0.2068681006598738,-0.728349627235656,1.7321481296085128,88.0645,189.0,4.0,33.72096774193548,26.15906520919713,5.5,3.2277419354838712,1.2713000000000003,0.9083402146986108,1.0752688172043017
2017-08-31,2.488581,0.7915129032258065,4.48,4.4,97.59,0.056,-0.1232699392611835,-0.738377096372847,3.3335889181096423,78.57478260869566,147.0,8.0,33.24516129032258,31.96107784431139,6.3,3.167741935483871,1.1241,2.3313905079100916,0.0
2017-09-30,2.000062,0.7978666666666666,4.59,4.3,95.93,0.056,0.0400637032814454,-0.730644966736884,4.613639115925139,58.945,89.0,22.0,33.13333333333333,44.838332684067005,6.9,3.105,1.2436,2.82157676348549,0.0
2017-10-31,1.761795,0.7787064516129033,4.7,4.2,94.73,0.063,-0.0855749973910025,-0.812160187527573,4.808251391603746,59.11818181818182,141.0,19.0,33.23225806451613,42.54681647940075,6.9,3.1932258064516126,1.3816,2.7340513670256916,0.0
2017-11-30,1.153403,0.7621666666666668,4.76,4.2,94.94,0.063,-0.0340215230898777,-0.74705688720104,-0.0473723055816832,62.85904761904762,223.0,42.0,32.900999999999996,25.997295469912096,5.8,3.2853333333333334,1.3299,3.1456953642384105,0.0
2017-12-31,1.407486,0.7654387096774193,5.55,4.1,94.36,0.063,0.0505775598915958,-0.777002349363457,-1.5667667186937129,60.5435,151.0,-12.0,32.61483870967742,18.338108882521475,4.9,3.367741935483871,1.2781,2.8029678483099785,8.294930875576034
2018-01-31,0.760019,0.7950645161290322,4.85,4.0,94.12,0.068,0.0976399852394616,-0.828480657439998,-1.5100208168697282,68.19772727272726,137.0,-34.0,31.885806451612904,19.08038786362214,4.3,3.4861290322580647,1.3931,3.289473684210531,0.0
2018-02-28,1.252663,0.7870321428571428,4.49,4.1,95.3,0.068,0.2321855162274566,-0.516638007226117,0.4915238095237972,69.577,394.0,77.0,31.48071428571429,19.56995948893736,3.7,3.792857142857143,1.6034,3.114754098360661,0.0
2018-03-31,1.2156,0.7758451612903227,4.8,4.0,97.0,0.097,0.314340415499359,-0.588477409055227,-2.6281228560627645,61.41454545454545,226.0,72.0,31.259677419354837,16.661485856387937,3.1,3.911290322580645,1.508,3.439803439803435,4.032258064516129
2018-04-30,1.528089,0.76808,4.37,4.0,95.54,0.097,0.0873116967772258,-0.369744897319623,2.1527037431185336,53.97285714285714,140.0,-2.0,31.307666666666666,15.69878749202298,3.4,3.9193333333333333,1.5108,3.6764705882353033,3.3333333333333335
2018-05-31,1.469051,0.7529193548387096,4.54,3.8,95.37,0.078,0.2096939604352199,-0.603345589552745,2.488541046298809,63.42090909090909,322.0,48.0,31.950645161290325,21.89446083251392,4.1,4.065483870967742,1.5016,5.012325390304029,0.0
2018-06-30,1.480408,0.7498,4.63,4.0,95.93,0.078,0.05612617722912099,-0.586465122289882,3.741794627805772,77.39380952380952,218.0,-23.0,32.486,28.513921502851392,4.7,4.043333333333333,1.4229,5.263157894736836,6.296296296296299
2018-07-31,1.118986,0.7404935483870968,3.93,3.8,96.18,0.091,0.0314540142311914,-0.435585446603639,3.2406869053030585,74.8742857142857,60.0,3.0,33.26516129032258,4.451747833881092,4.6,4.010645161290323,1.3739,4.255319148936176,0.3584229390681005
2018-08-31,1.431806,0.7326096774193548,3.23,3.8,97.85,0.091,0.2880180886126737,-0.739949820275642,4.023667498626771,51.51565217391304,257.0,57.0,33.03354838709677,-6.721497447532632,4.1,4.024193548387097,1.3991,3.580146460537015,0.0
2018-09-30,2.087153,0.7204966666666667,3.12,3.7,96.79,0.05,0.0808922857450378,-0.736647188486058,0.8904977203827659,52.12263157894737,81.0,-25.0,32.59066666666667,-12.157073695535225,3.6,4.06,1.5023000000000002,2.7441485068603555,1.3333333333333346
2018-10-31,2.002508,0.7105290322580645,3.22,3.8,96.78,0.05,0.1949717191531919,-0.317348170651509,2.6645170024491405,64.29130434782608,169.0,-8.0,32.777741935483874,-12.191276931161331,3.3,4.241290322580645,1.5462,3.1451612903225845,4.5161290322580685
2018-11-30,2.037043,0.7245366666666667,3.37,3.8,96.61,0.05,0.2388287836450064,-0.345474175387422,0.4942325319511775,57.03571428571429,90.0,69.0,32.952333333333335,-10.195867990340757,2.7,4.288333333333333,1.4541,1.84590690208668,0.0
2018-12-31,1.320396,0.7166612903225806,3.87,3.9,97.09,0.05,0.1635973911987776,-0.0444408604013878,1.1151302725472825,52.22631578947368,192.0,-58.0,32.71709677419355,-11.245628194780744,0.9,4.113225806451613,1.3125,1.122694466720131,3.51906158357771
2019-01-31,0.79302,0.7153064516129032,3.24,4.0,99.19,0.03,0.32418312149171674,-0.0291099057256472,0.2027838950707794,54.80318181818182,251.0,53.0,31.80354838709677,-14.210664565274488,0.1,3.9119354838709675,1.3221,-0.2388535031847105,1.759530791788855
2019-02-28,0.461282,0.7140857142857142,2.91,3.8,96.92,0.03,0.3734320099129107,-0.480497890367176,-3.7907959069753305,52.6395,7.0,-42.0,31.318214285714284,-11.284857961949443,0.1,3.8214285714285716,1.239,0.2384737678855275,0.0
2019-03-31,0.37468,0.7081838709677419,3.08,3.8,96.21,0.05,0.3233111208650996,-0.397410983114759,-0.8354270935285291,57.12,228.0,1.0,31.732903225806453,-6.2350119904076795,0.4,3.735483870967742,1.19,0.5542359461599311,0.0
2019-04-30,0.555943,0.71129,3.0,3.7,96.0,0.05,0.5420353761982578,-0.467285692993503,-1.1689058769628555,77.99636363636364,296.0,34.0,31.849666666666668,-1.4065085493657037,0.9,3.6026666666666665,1.1906,0.1576044129235621,0.0
2019-05-31,0.679942,0.6945838709677419,3.15,3.6,98.5,0.049,0.3252207174547994,-0.413205967089459,-2.550986471355565,80.62545454545455,27.0,6.0,31.793870967741935,-10.244689432643172,0.6,3.543548387096774,1.13,-0.8607198748043721,0.0
2019-06-30,0.720801,0.6946233333333333,3.6,3.6,99.78,0.049,0.2467967239901947,-0.405498504860823,-2.0491154488684993,76.4315,220.0,13.0,31.099333333333334,-13.886713651788051,0.0,3.2723333333333335,0.919,-1.5625,0.0
2019-07-31,0.605538,0.6980580645161291,3.16,3.7,99.33,0.049,0.4859364908557539,-0.579110054575466,0.6428539513270382,71.93363636363635,99.0,16.0,30.806451612903224,-4.891304347826098,-0.3,3.200967741935484,0.8304,-0.9419152276295196,0.0
2019-08-31,-0.0372,0.677541935483871,3.11,3.6,102.87,0.009,0.33580164441409105,-0.238248328657085,-1.930124580347281,75.16636363636364,232.0,-9.0,30.741935483870968,-7.297050775311642,-0.8,3.080322580645161,0.5776,-1.4139827179890043,-4.838709677419358
2019-09-30,-0.426058,0.6810333333333334,3.3,3.5,101.64,0.009,0.376263169210933,-0.34133775253954,1.9795164066247264,56.393,196.0,24.0,30.56,-2.725045927740366,-1.2,3.1079999999999997,0.5981,-1.7282010997643371,-3.6363636363636362
2019-10-31,0.0,0.6801516129032258,3.46,3.6,100.48,0.009,0.49223914204643554,-0.347571472511609,-0.1737311814273612,60.42391304347826,95.0,12.0,30.337419354838712,-7.181328545780974,-1.6,3.1348387096774197,0.6373,-2.189210320562951,-2.0821114369501466
2019-11-30,0.152019,0.6828000000000001,3.33,3.6,99.19,0.018,0.6428049526260082,-0.614412335436535,1.8759025564454523,57.335,207.0,-1.0,30.246333333333332,-3.5853002688975177,-1.4,3.1636666666666664,0.765,-1.3396375098502775,-5.666666666666666
2019-12-31,0.738473,0.6886612903225807,3.49,3.6,98.55,0.021,0.7619094928219994,-0.609843525439384,7.182981565099245,57.23315789473684,127.0,71.0,30.20193548387097,3.4555926038193574,-0.5,3.174516129032258,0.8308,-0.8723235527359208,0.0
2020-01-31,1.219611,0.6868451612903226,3.67,3.6,97.49,0.021,0.7064357170392109,-0.563347469916429,1.8023415604633717,58.68,237.0,17.0,30.409032258064514,2.265768524188605,0.0,3.081290322580645,0.7235,0.3990422984836428,0.0
2020-02-29,0.85489,0.6665344827586207,2.98,3.5,97.35,0.020999999999999998,0.5689069803762381,-0.378011019274601,1.4652833734911217,54.8805,262.0,-37.0,31.32586206896552,-10.928319623971792,-0.5,2.9762068965517243,0.633,-1.4274385408405976,0.0
2020-03-31,0.826263,0.6219709677419354,2.55,4.4,101.6,0.006,0.6494106978256475,2.32686794880379,4.406726575308562,58.75772727272727,-1398.0,-79.0,32.09516129032258,-16.65245808468314,-1.5,2.891290322580645,0.4609,-3.543307086614178,-53.25140809011777
2020-04-30,0.019099,0.6301366666666667,2.32,14.8,102.99,-0.039,0.1427268252146118,1.7304205828791,-1.8430215774572043,48.665,-20469.0,-3095.0,32.62466666666667,-22.88111888111889,-3.1,2.8096666666666663,0.3577,-7.0023603461840995,0.0
2020-05-31,-0.21274,0.651483870967742,2.13,13.2,103.42,-0.042,0.2461484166897065,0.9923878920727048,-8.806642959867506,62.7835,2614.0,411.0,32.079032258064515,-13.30137807070103,-3.7,2.7096774193548385,0.2743,-6.708760852407258,0.0
2020-06-30,0.22012,0.6896333333333333,2.54,11.0,100.93,-0.042,0.2920079472278569,0.518968185056307,-2.480527592209314,46.54,4631.0,988.0,31.127666666666666,-6.304940891179134,-3.0,2.603666666666667,0.27799999999999997,-4.52380952380953,0.0
2020-07-31,0.446631,0.7023870967741935,2.76,10.2,100.75,-0.065,0.2657341962658099,0.346883260003086,-3.2537657998960356,46.18727272727273,1584.0,268.0,31.404838709677417,1.8646616541353245,-2.4,2.521290322580645,0.2094,-3.724247226624411,0.0
2020-08-31,0.769424,0.7202,2.97,8.4,100.24,-0.065,-0.1898290844709826,0.0157289047788723,0.0131301900854863,52.41428571428572,1566.0,382.0,31.21,15.054116103640558,-2.0,2.48,0.2717,-2.7091633466135523,0.0
2020-09-30,0.947953,0.7223133333333334,2.99,7.8,99.75,-0.055,-0.0930190123721308,0.115930613804923,2.5484673598084706,65.59142857142857,949.0,133.0,31.367666666666665,11.111111111111116,-2.1,2.3866666666666663,0.273,-1.838529176658665,0.0
2020-10-31,0.138943,0.7128387096774194,3.18,6.9,99.35,-0.055,-0.4024928076886591,0.292219470573287,1.9315505057503126,75.59181818181818,690.0,201.0,31.241290322580646,11.111111111111116,-2.1,2.3480645161290323,0.3058,-1.6786570743405282,0.0
2020-11-30,0.6121770000000001,0.7276033333333333,3.56,6.7,98.69,-0.055,-0.4729827704065714,0.306424873212046,3.052114166568698,68.1295,273.0,165.0,30.438333333333333,11.111111111111116,-1.5,2.3073333333333332,0.3836,-0.9584664536741226,0.0
2020-12-31,0.612722,0.7538161290322581,3.33,6.7,97.44,-0.055,-0.5426835821454645,-0.386179275669031,1.1707305654044209,62.2785,-185.0,46.0,30.087419354838712,11.111111111111116,-0.4,2.2270967741935483,0.3224,0.4000000000000003,0.0
2021-01-31,0.949146,0.7722612903225807,3.01,6.4,97.05,-0.055,0.0008902033125535,-0.187385458380859,5.1689299963660895,64.043,315.0,43.0,30.00483870967742,11.111111111111116,0.3,2.1951612903225803,0.3672,2.4642289348171698,0.0
2021-02-28,1.4177319999999998,0.7753535714285714,3.25,6.2,95.02,-0.055,0.1086074897624245,-0.407229293188604,12.913225447241228,72.818,517.0,76.0,30.030714285714286,11.111111111111116,1.7,2.2275,0.6222,5.390185036202744,0.0
2021-03-31,1.901141,0.7708483870967742,3.07,6.1,93.11,-0.065,0.049791940818733,-0.372465652753682,5.911300402759134,88.88,852.0,146.0,30.799999999999997,11.111111111111116,4.4,2.390967741935484,0.8456,9.632653061224495,0.0
2021-04-30,2.492462,0.7694933333333334,2.82,6.1,91.83,-0.065,-1.0977071633589186,-0.734654071881503,8.970361280273131,102.15909090909092,355.0,-36.0,31.32766666666667,11.111111111111116,6.8,2.368333333333333,0.8515,14.974619289340096,0.0
2021-05-31,2.624698,0.7759387096774193,2.84,5.8,91.04,-0.065,-1.0033385283577112,-0.823491789744258,16.814136660679434,109.5814285714286,478.0,44.0,31.260322580645163,11.111111111111116,9.0,2.2841935483870968,0.9058,17.597292724196283,0.0
2021-06-30,2.346806,0.7640666666666667,2.93,5.9,90.25,-0.072,-0.9990238584842491,-0.710450333619324,10.47718762581875,116.1913636363636,755.0,140.0,31.424666666666667,11.111111111111116,8.8,2.2696666666666667,0.8549,16.874480465502906,0.0
2021-07-31,2.639767,0.7422774193548387,2.82,5.4,91.11,-0.072,-0.9990238584842492,-0.690268684877764,9.969416796765572,109.5171428571429,942.0,81.0,32.63580645161291,11.111111111111116,9.0,2.185161290322581,0.6979,16.95473251028805,0.0
2021-08-31,2.555145,0.7303129032258064,2.86,5.1,91.44,-0.072,-0.9990238584842492,-0.769591927054241,10.150760128753422,106.3459090909091,552.0,51.0,33.10225806451613,11.111111111111116,9.5,2.1406451612903226,0.644,16.625716625716635,0.0
2021-09-30,2.41215,0.7322833333333333,2.77,4.7,91.14,-0.072,-0.9990238584842491,-0.745822779043694,3.732108362440778,93.02571428571429,457.0,129.0,33.043,11.111111111111116,10.7,2.168,0.8023,16.286644951140072,0.0
2021-10-31,3.164304,0.7402612903225807,2.72,4.5,88.25,-0.072,-0.9990238584842492,-0.731028284777764,5.978739600891725,84.8452380952381,801.0,156.0,33.4741935483871,11.111111111111116,13.5,2.299032258064516,1.083,18.29268292682926,0.0
2021-11-30,3.776601,0.7297233333333334,2.94,4.1,87.59,-0.072,-0.9990238584842491,-0.704303302355966,6.022985779435697,73.75857142857143,658.0,163.0,33.096666666666664,11.111111111111116,12.9,2.3613333333333335,0.9394000000000001,18.145161290322577,0.0
2021-12-31,3.697797,0.7158483870967741,3.08,3.9,87.75,-0.049,-0.9990238584842492,-0.571844009737048,9.848470690420829,69.89285714285714,586.0,111.0,33.5516129032258,11.111111111111116,10.3,2.350322580645161,0.8375,14.900398406374492,0.0
2022-01-31,3.770784,0.7179322580645161,3.32,4.0,86.66,-0.049,-0.9990238584842492,-0.26748472691761,9.451814479416942,75.63190476190476,190.0,56.0,33.2458064516129,11.111111111111116,9.1,2.6129032258064515,1.2051,14.972847168347547,0.0
2022-02-28,3.780272,0.7166214285714286,3.2,3.9,85.89,-0.049,-0.9990238584842492,-0.32092903402314094,4.391650215640275,90.39,819.0,210.0,32.613214285714285,11.111111111111116,8.8,2.985357142857143,1.4891,16.793893129771,0.0
2022-03-31,4.183032,0.7378903225806452,3.17,3.7,83.97,-0.049,-0.9990238584842492,-0.0775745034043105,6.883673763763287,99.44782608695652,490.0,65.0,33.23967741935484,11.111111111111116,8.3,3.310967741935484,1.5457000000000003,18.391660461653014,48.38709677419355
2022-04-30,4.755834000000001,0.73659,2.99,3.7,79.31,-0.049,-0.9990238584842491,-0.30763401379131,5.893398739351752,99.29714285714286,308.0,2.0,33.76466666666667,11.111111111111116,8.0,4.132333333333333,1.8362,18.175128771155254,10.0
2022-05-31,5.340519,0.7048967741935485,2.81,3.6,79.45,-0.049,-0.9990238584842492,-0.033904057644441,5.208347238574795,100.1485714285714,301.0,-23.0,34.39387096774194,11.111111111111116,6.4,4.4316129032258065,1.9069,18.633093525179856,58.064516129032256
2022-06-30,6.036257,0.7023933333333333,2.76,3.6,75.97,0.005,-0.9990238584842491,0.0198644336634571,6.009420659446163,107.0581818181818,434.0,74.0,34.943,11.111111111111116,6.1,4.622333333333333,2.3824,18.563300142247495,37.5
2022-07-31,6.32701,0.6859838709677419,2.79,3.5,75.7,-0.031,-0.9990238584842492,0.0447817310786299,2.127657724778076,113.4335,714.0,56.0,36.33322580645161,11.111111111111116,4.2,4.649677419354839,2.1454,12.948627726952845,12.788018433179724
2022-08-31,5.722628000000001,0.6958,2.5,3.6,77.02,-0.02,-0.9990238584842492,-0.166531797651385,-1.9160705205870878,115.8513043478261,290.0,46.0,35.807096774193546,11.111111111111116,2.3,4.5770967741935475,2.3278,11.16573033707866,19.35483870967742
2022-09-30,5.476398,0.6693733333333333,2.36,3.5,74.56,-0.016,-0.9990238584842491,0.0115928451122359,-1.568308550185871,95.9495238095238,220.0,-28.0,36.99433333333333,11.111111111111116,0.9,5.281000000000001,3.5007,9.80392156862746,9.000000000000002
2022-10-31,5.621674,0.6368548387096774,2.43,3.6,73.72,-0.016,-0.9990238584842492,0.503290049769924,-5.0045620398945445,91.56809523809524,357.0,41.0,37.907096774193555,11.111111111111116,-1.3,6.114193548387098,4.1096,7.216494845360821,8.70967741935484
2022-11-30,5.006258,0.66042,2.68,3.6,75.21,-0.016,-0.9990238584842491,-0.0118080975286644,-5.951321696774958,86.19047619047619,303.0,2.0,36.40566666666667,11.111111111111116,-1.3,6.127666666666667,3.4171,6.075085324232088,13.84615384615385
2022-12-31,5.017301,0.6749870967741936,2.79,3.5,77.68,-0.015,-0.9990238584842492,-0.030615514122448,-13.793097861046622,79.58666666666667,100.0,6.0,34.756129032258066,11.111111111111116,-0.7,5.663870967741936,3.5015000000000005,4.576976421636636,6.854838709677419
2023-01-31,4.978541,0.6948612903225807,2.9,3.5,78.96,-0.006,-0.9990238584842492,-0.124248811521794,-11.571691280897644,72.71619047619048,434.0,38.0,33.23258064516129,11.111111111111116,-0.7,5.449677419354838,3.5115,1.9568151147098645,0.4032258064516129
2023-02-28,4.657559999999999,0.6884392857142857,2.94,3.6,77.17,0.001,-0.9990238584842492,-0.335952534338405,-10.867661896427473,73.4475,290.0,38.0,34.10642857142857,11.111111111111116,-0.7,5.415,3.5553,-0.8496732026143873,3.571428571428573
2023-03-31,4.165881,0.6675451612903226,3.05,3.5,77.5,-0.008,-0.9990238584842492,0.978521621827131,-8.093980470082284,76.2313043478261,68.0,-42.0,34.446774193548386,11.111111111111116,-0.7,5.8264516129032256,3.5638,-4.968553459119496,1.5280135823429524
2023-04-30,3.688103,0.66844,2.89,3.4,77.55,-0.001,-0.9990238584842491,0.202248974492292,-7.685538475843234,69.8605,241.0,-4.0,34.227,11.111111111111116,-0.7,5.645666666666667,3.6503,-5.977584059775842,1.5789473684210509
2023-05-31,3.376744,0.6638806451612903,2.98,3.6,76.05,-0.019,-0.9990238584842492,0.404933329369232,-2.5202122818266393,74.82318181818182,280.0,31.0,34.22677419354839,11.111111111111116,-0.7,5.813225806451613,3.9621,-10.30927835051546,2.9032258064516157
2023-06-30,2.726181,0.6721533333333334,2.81,3.6,74.35,-0.003,-0.9990238584842491,0.167185954796029,-6.111593898894241,85.34454545454545,225.0,-31.0,34.87733333333333,11.111111111111116,-0.7,6.088666666666667,4.3659,-11.81763647270545,0.0
2023-07-31,2.354456,0.6732451612903225,2.57,3.5,74.38,-0.003,-0.9990238584842492,0.256800855699604,-6.612283603446856,99.849,163.0,17.0,34.63387096774194,11.111111111111116,-0.7,6.164516129032258,4.4372,-8.09968847352025,0.7680491551459302
2023-08-31,3.360029,0.6483903225806452,2.63,3.7,73.09,-0.003,-0.9990238584842492,-0.252649893805974,1.3023048444131602,96.94826086956522,218.0,-17.0,35.031612903225806,11.111111111111116,-0.7,6.400322580645161,4.5298,-5.74857864813646,1.9969278033794187
2023-09-30,3.703363,0.6428466666666667,2.64,3.7,72.34,0.024,-0.9990238584842491,-0.325299337175199,4.1237222362165316,84.3355,156.0,33.0,35.80266666666667,11.111111111111116,-0.7,6.554,4.4199,-4.336734693877552,0.0
2023-10-31,3.765115,0.6350032258064515,2.73,3.9,72.51,-0.012,-0.9990238584842492,0.007054598377083,4.693457964115844,78.63545454545455,159.0,33.0,36.465806451612906,11.111111111111116,-0.7,6.887096774193548,4.5695,-4.743589743589749,0.0
2023-11-30,3.309801,0.6503933333333334,2.88,3.7,71.45,0.024,-0.9990238584842491,-0.2915546287805,6.232047026428944,72.83761904761904,127.0,-28.0,35.39533333333333,11.111111111111116,-0.7,6.796666666666667,4.2721,-5.083655083655092,0.0
2023-12-31,3.175911,0.6703516129032258,3.02,3.8,73.41,0.052,-0.9990238584842492,-0.3320930232025309,10.299993985459842,65.8205,154.0,-8.0,34.928064516129034,11.111111111111116,-0.7,6.219032258064516,3.8622,-2.851458885941649,0.0
2024-01-31,2.81639,0.664683870967742,2.79,3.7,72.59,0.025,-0.9990238584842492,-0.352238517660338,6.054738047733821,67.28727272727274,175.0,-30.0,35.17387096774194,11.111111111111116,-0.7,5.876129032258064,3.9319,-2.382528127068162,0.0
2024-02-29,3.126983,0.6524379310344828,2.6900000000000004,3.9,70.72,0.027,-0.9990238584842492,-0.471529138017123,10.02949607181074,74.77761904761904,206.0,40.0,35.857586206896556,11.111111111111116,-0.7,6.080344827586208,4.123,-2.043506921555694,0.0
2024-03-31,3.103511,0.6556967741935483,2.53,3.9,70.81,0.109,-0.9990238584842492,-0.483840652933027,2.2727171598244,80.86142857142858,228.0,16.0,35.95290322580645,11.111111111111116,-0.7,6.192903225806451,4.033,-1.5221707478490942,0.0
2024-04-30,2.92498,0.6505633333333333,2.49,3.9,69.87999999999998,0.109,-0.9990238584842491,-0.469661989819706,2.2727171598244,87.54136363636364,64.0,25.0,36.76166666666666,11.111111111111116,-0.7,6.2523333333333335,4.2172,-0.7947019867549643,0.0
2024-05-31,2.672546,0.6628129032258064,2.32,3.9,68.91,0.129,-0.9990238584842492,-0.71783926181819,2.2727171598244,89.38857142857142,78.0,0.0,36.619032258064514,11.111111111111116,-0.7,6.344193548387097,4.2229,0.6085192697768749,0.0
2024-06-30,2.410939,0.6639466666666667,2.23,4.1,68.37999999999998,0.149,-0.9990238584842491,-0.63141644259561,2.2727171598244,88.6715,87.0,-29.0,36.71966666666666,11.111111111111116,-0.7,6.2123333333333335,4.1644,0.952380952380949,0.0
2024-07-31,2.551891,0.6679999999999999,2.21,4.2,68.28,0.166,-0.9990238584842492,-0.334709835316745,2.2727171598244,87.79772727272727,53.0,-21.0,36.22741935483871,11.111111111111116,-0.7,6.129354838709677,4.1386,1.1525423728813378,0.0
2024-08-31,2.012825,0.6654741935483871,2.04,4.2,72.89,0.255,-0.9990238584842492,-0.434617953431698,2.2727171598244,88.01047619047618,9.0,-28.0,34.74032258064516,11.111111111111116,-0.7,5.688709677419355,3.9444,-0.6702412868632712,0.0
2024-09-30,1.595038,0.6771666666666667,2.06,4.1,73.5,0.256,-0.9990238584842491,-0.456363272134294,2.2727171598244,82.78849999999998,155.0,11.0,33.24933333333333,11.111111111111116,-0.7,5.290666666666667,3.9053,-1.7999999999999905,-3.6363636363636362
2024-10-31,1.253642,0.6706870967741936,2.1,4.1,71.25,0.256,-0.9990238584842492,-0.407625831006336,2.2727171598244,83.19304347826088,33.0,-19.0,33.37387096774193,11.111111111111116,-0.7,5.5206451612903225,4.1993,0.1345895020188559,-1.7595307917888563
2024-11-30,1.526447,0.6527633333333333,2.04,4.2,71.12000000000002,0.362,-0.9990238584842491,-0.449722629905526,2.2727171598244,86.2425,134.0,-39.0,34.41766666666667,11.111111111111116,-0.7,6.013999999999999,4.4164,0.8813559322033981,-3.0000000000000027
2024-12-31,1.933824,0.6328354838709677,2.0,4.1,71.85,0.386,-0.9990238584842492,-0.766855560360788,2.2727171598244,82.217,237.0,56.0,34.14064516129032,11.111111111111116,-0.7,5.941935483870967,4.434499999999999,2.0477815699658786,-2.207130730050936
2025-01-31,2.244411,0.6226419354838709,1.94,4.0,71.35,0.76727,-0.9990238584842492,-0.783491308768505,2.2727171598244,80.18636363636364,-48.0,-16.0,34.25322580645161,11.111111111111116,-0.7,6.169677419354838,4.6627,2.779661016949153,-0.8488964346349755
2025-02-28,2.021445,0.6306035714285715,1.99,4.2,72.6,0.7918200000000001,-0.9990238584842492,-0.80849321125123,2.2727171598244,86.30842105263157,42.0,11.0,33.7575,11.111111111111116,-0.7,6.055714285714286,4.5063,2.6917900403768513,0.0
2025-03-31,2.053532,0.6293129032258065,2.14,4.2,73.47,0.82091,-0.9990238584842492,-0.567048117610203,2.2727171598244,87.19761904761906,67.0,-14.0,33.80483870967742,11.111111111111116,-0.7,5.84,4.6448,2.4865591397849274,0.0
2025-04-30,2.078765,0.6283666666666666,2.02,4.2,75.81,0.78364,-0.9990238584842491,0.0902726298809727,2.2727171598244,85.02409090909092,108.0,-9.0,33.72,11.111111111111116,-0.7,5.902666666666667,4.5762,1.8691588785046511,0.0
2025-05-31,1.90184,0.6436451612903226,1.83,4.3,74.5,0.77545,-0.9990238584842492,-0.516516571605842,2.2727171598244,87.37375,13.0,-18.0,32.94935483870968,11.111111111111116,-0.7,5.9477419354838705,4.6004,1.8817204301075252,0.0
2025-06-30,2.169712,0.6504366666666666,1.79,4.1,73.69,0.77273,-0.9990238584842491,-0.624449825671009,2.2727171598244,100.5554533561905,-20.0,-24.0,32.601,11.111111111111116,-0.7,5.96,4.5248,2.6280323450134757,0.0
2025-07-31,2.094103,0.6543,1.78,4.3,72.22,0.77273,-0.9990238584842492,-0.740498110944864,2.2727171598244,105.67355752727272,64.0,3.0,32.44129032258065,11.111111111111116,-0.7,5.862580645161291,4.5924,2.4128686327077986,0.0
2025-08-31,1.66754,0.6499290322580645,1.66,4.3,72.11,0.77273,-0.9990238584842492,-0.817194398858108,2.2727171598244,105.0909364,-70.0,-1.0,32.40354838709678,11.111111111111116,-0.7,5.733870967741935,4.6369,3.238866396761142,0.0
2025-09-30,2.10205,0.6593066666666666,1.68,4.4,71.53,0.81818,-0.9990238584842491,-0.84604910252983,2.2727171598244,101.5914828047619,76.0,-18.0,31.973333333333336,11.111111111111116,-0.7,5.512666666666666,4.6885,3.8696537678207577,-2.4074074074074088
2025-10-31,2.38033,0.6539967741935484,1.69,4.4,70.56,0.80909,-0.9990238584842492,-0.546762335713533,2.2727171598244,93.91908533608697,-140.0,-11.0,32.561290322580646,11.111111111111116,-0.7,5.500322580645161,4.5721,3.869653767820758,-1.2755639890364754
2025-11-30,2.447552,0.6507633333333334,1.66,4.5,69.4,0.80636,-0.9990238584842491,-0.739787796503719,2.2727171598244,83.79880147421053,41.0,-65.0,32.349333333333334,11.111111111111116,-0.7,5.496666666666667,4.498499999999999,3.2930107526881525,-3.137254901960785
2025-12-31,2.314855,0.6646741935483871,1.69,4.4,68.26,1.07273,-0.9990238584842492,-0.712169121254975,2.2727171598244,80.69287669095237,-17.0,-33.0,31.53483870967742,11.111111111111116,-0.7,5.483225806451612,4.4826,3.897849462365577,-3.8306451612903225
